entity_id,canonical_name,label_en,label_zh,description_en,description_zh,wikipedia_title_en,wikipedia_summary_en,entity_type,external_ids,source_name,source_record_id,retrieved_at,confidence,raw_payload_json
Q7251,艾倫·圖靈,Alan Turing,艾倫·圖靈,English computer scientist (1912–1954),英國數學家、計算機科學家,Alan Turing,"Alan Mathison Turing was an English mathematician, computer scientist, logician, cryptanalyst, philosopher and theoretical biologist. He was highly influential in the development of theoretical computer science, providing a formalisation of the concepts of algorithm and computation with the Turing machine, which can be considered a model of a general-purpose computer. Turing is widely considered to be the father of theoretical computer science.",Person,"{""dbpedia_uri"": ""http://dbpedia.org/resource/Alan_Turing"", ""wikidata_qid"": ""Q7251"", ""wikipedia_title_en"": ""Alan Turing""}",wikidata_sparql,Q7251,2026-04-27T20:10:36+00:00,0.95,"{""birth_date_raw"": ""1912-06-23T00:00:00Z"", ""death_date_raw"": ""1954-06-07T00:00:00Z"", ""instance_of_ids"": [""Q5""], ""instance_of_labels"": [""human""]}"
Q122744,梅達谷區,Maida Vale,梅達谷區,residential district comprising the northern part of Paddington in west London,西伦敦住宅区,Maida Vale,"Maida Vale is an affluent residential district in Central London, England, north of Paddington, southwest of St John's Wood and south of Kilburn, on Edgware Road. It is part of the City of Westminster and is three miles northwest of Charing Cross. It has many late Victorian and Edwardian blocks of mansion flats. The area is home to the BBC Maida Vale Studios.",Place,"{""dbpedia_uri"": ""http://dbpedia.org/resource/Maida_Vale"", ""wikidata_qid"": ""Q122744"", ""wikipedia_title_en"": ""Maida Vale""}",wikipedia_rest,Q122744,2026-04-27T10:53:08+00:00,0.95,"{""content_urls"": {""desktop"": {""edit"": ""https://en.wikipedia.org/wiki/Maida_Vale?action=edit"", ""page"": ""https://en.wikipedia.org/wiki/Maida_Vale"", ""revisions"": ""https://en.wikipedia.org/wiki/Maida_Vale?action=history"", ""talk"": ""https://en.wikipedia.org/wiki/Talk:Maida_Vale""}, ""mobile"": {""edit"": ""https://en.wikipedia.org/wiki/Maida_Vale?action=edit"", ""page"": ""https://en.wikipedia.org/wiki/Maida_Vale"", ""revisions"": ""https://en.wikipedia.org/wiki/Special:History/Maida_Vale"", ""talk"": ""https://en.wikipedia.org/wiki/Talk:Maida_Vale""}}, ""coordinates"": {""lat"": 51.53, ""lon"": -0.186}, ""description"": ""Residential district in Paddington, London"", ""description_source"": ""local"", ""dir"": ""ltr"", ""displaytitle"": ""<span lang=\""en\"" dir=\""ltr\""><span class=\""mw-page-title-main\"">Maida Vale</span></span>"", ""extract"": ""Maida Vale is an affluent residential district in Central London, England, north of Paddington, southwest of St John's Wood and south of Kilburn, on Edgware Road. It is part of the City of Westminster and is three miles northwest of Charing Cross. It has many late Victorian and Edwardian blocks of mansion flats. The area is home to the BBC Maida Vale Studios."", ""extract_html"": ""<p><b>Maida Vale</b> is an affluent residential district in Central London, England, north of Paddington, southwest of St John's Wood and south of Kilburn, on Edgware Road. It is part of the City of Westminster and is three miles northwest of Charing Cross. It has many late Victorian and Edwardian blocks of mansion flats. The area is home to the BBC Maida Vale Studios.</p>"", ""lang"": ""en"", ""namespace"": {""id"": 0, ""text"": """"}, ""originalimage"": {""height"": 960, ""source"": ""https://upload.wikimedia.org/wikipedia/commons/8/8b/Grand_Union_Canal_at_Little_Venice.JPG"", ""width"": 1280}, ""pageid"": 417413, ""revision"": ""1329233803"", ""thumbnail"": {""height"": 248, ""source"": ""https://upload.wikimedia.org/wikipedia/commons/thumb/8/8b/Grand_Union_Canal_at_Little_Venice.JPG/330px-Grand_Union_Canal_at_Little_Venice.JPG"", ""width"": 330}, ""tid"": ""4b5e71e5-e0e8-11f0-97ec-a35279db160f"", ""timestamp"": ""2025-12-24T16:47:55Z"", ""title"": ""Maida Vale"", ""titles"": {""canonical"": ""Maida_Vale"", ""display"": ""<span lang=\""en\"" dir=\""ltr\""><span class=\""mw-page-title-main\"">Maida Vale</span></span>"", ""normalized"": ""Maida Vale""}, ""type"": ""standard"", ""wikibase_item"": ""Q122744""}"
Q163310,图灵机,Turing machine,图灵机,abstract computation model; mathematical model of computation that defines an abstract machine which manipulates symbols on a strip of tape according to a table of rules,抽象計算模型,Turing machine,"A Turing machine is a mathematical model of computation describing an abstract machine that manipulates symbols on a strip of tape according to a table of rules. Despite the model's simplicity, it is capable of implementing any computer algorithm.",Concept,"{""dbpedia_uri"": ""http://dbpedia.org/resource/Turing_machine"", ""wikidata_qid"": ""Q163310"", ""wikipedia_title_en"": ""Turing machine""}",wikipedia_rest,Q163310,2026-04-27T10:53:19+00:00,0.95,"{""content_urls"": {""desktop"": {""edit"": ""https://en.wikipedia.org/wiki/Turing_machine?action=edit"", ""page"": ""https://en.wikipedia.org/wiki/Turing_machine"", ""revisions"": ""https://en.wikipedia.org/wiki/Turing_machine?action=history"", ""talk"": ""https://en.wikipedia.org/wiki/Talk:Turing_machine""}, ""mobile"": {""edit"": ""https://en.wikipedia.org/wiki/Turing_machine?action=edit"", ""page"": ""https://en.wikipedia.org/wiki/Turing_machine"", ""revisions"": ""https://en.wikipedia.org/wiki/Special:History/Turing_machine"", ""talk"": ""https://en.wikipedia.org/wiki/Talk:Turing_machine""}}, ""description"": ""Computation model defining an abstract machine"", ""description_source"": ""local"", ""dir"": ""ltr"", ""displaytitle"": ""<span lang=\""en\"" dir=\""ltr\""><span class=\""mw-page-title-main\"">Turing machine</span></span>"", ""extract"": ""A Turing machine is a mathematical model of computation describing an abstract machine that manipulates symbols on a strip of tape according to a table of rules. Despite the model's simplicity, it is capable of implementing any computer algorithm."", ""extract_html"": ""<p>A <b>Turing machine</b> is a mathematical model of computation describing an abstract machine that manipulates symbols on a strip of tape according to a table of rules. Despite the model's simplicity, it is capable of implementing any computer algorithm.</p>"", ""lang"": ""en"", ""namespace"": {""id"": 0, ""text"": """"}, ""originalimage"": {""height"": 3377, ""source"": ""https://upload.wikimedia.org/wikipedia/commons/thumb/0/03/Turing_Machine_Model_Davey_2012.jpg/3840px-Turing_Machine_Model_Davey_2012.jpg"", ""width"": 5066}, ""pageid"": 30403, ""revision"": ""1341155475"", ""thumbnail"": {""height"": 220, ""source"": ""https://upload.wikimedia.org/wikipedia/commons/thumb/0/03/Turing_Machine_Model_Davey_2012.jpg/330px-Turing_Machine_Model_Davey_2012.jpg"", ""width"": 330}, ""tid"": ""cd19c357-15a5-11f1-b5ee-c62bf1588861"", ""timestamp"": ""2026-03-01T19:35:28Z"", ""title"": ""Turing machine"", ""titles"": {""canonical"": ""Turing_machine"", ""display"": ""<span lang=\""en\"" dir=\""ltr\""><span class=\""mw-page-title-main\"">Turing machine</span></span>"", ""normalized"": ""Turing machine""}, ""type"": ""standard"", ""wikibase_item"": ""Q163310""}"
Q189223,图灵测试,Turing test,图灵测试,"test of a machine's ability to exhibit intelligent behaviour equivalent to, or indistinguishable from, that of a human",人工智能测试,Turing test,"The Turing test, originally called the imitation game by Alan Turing in 1949, is a test of a machine's ability to exhibit intelligent behaviour equivalent to that of a human. In the test, a human evaluator judges a text transcript of a natural-language conversation between a human and a machine. The evaluator tries to identify the machine, and the machine passes if the evaluator cannot reliably tell them apart. The results would not depend on the machine's ability to answer questions correctly, only on how closely its answers resembled those of a human. Since the Turing test is a test of indistinguishability in performance capacity, the verbal version generalizes naturally to all of human performance capacity, verbal as well as nonverbal (robotic).",Concept,"{""dbpedia_uri"": ""http://dbpedia.org/resource/Turing_test"", ""wikidata_qid"": ""Q189223"", ""wikipedia_title_en"": ""Turing test""}",wikipedia_rest,Q189223,2026-04-27T10:53:25+00:00,0.95,"{""content_urls"": {""desktop"": {""edit"": ""https://en.wikipedia.org/wiki/Turing_test?action=edit"", ""page"": ""https://en.wikipedia.org/wiki/Turing_test"", ""revisions"": ""https://en.wikipedia.org/wiki/Turing_test?action=history"", ""talk"": ""https://en.wikipedia.org/wiki/Talk:Turing_test""}, ""mobile"": {""edit"": ""https://en.wikipedia.org/wiki/Turing_test?action=edit"", ""page"": ""https://en.wikipedia.org/wiki/Turing_test"", ""revisions"": ""https://en.wikipedia.org/wiki/Special:History/Turing_test"", ""talk"": ""https://en.wikipedia.org/wiki/Talk:Turing_test""}}, ""description"": ""Test of a machine's ability to imitate human intelligence"", ""description_source"": ""local"", ""dir"": ""ltr"", ""displaytitle"": ""<span lang=\""en\"" dir=\""ltr\""><span class=\""mw-page-title-main\"">Turing test</span></span>"", ""extract"": ""The Turing test, originally called the imitation game by Alan Turing in 1949, is a test of a machine's ability to exhibit intelligent behaviour equivalent to that of a human. In the test, a human evaluator judges a text transcript of a natural-language conversation between a human and a machine. The evaluator tries to identify the machine, and the machine passes if the evaluator cannot reliably tell them apart. The results would not depend on the machine's ability to answer questions correctly, only on how closely its answers resembled those of a human. Since the Turing test is a test of indistinguishability in performance capacity, the verbal version generalizes naturally to all of human performance capacity, verbal as well as nonverbal (robotic)."", ""extract_html"": ""<p>The <b>Turing test</b>, originally called the <b>imitation game</b> by Alan Turing in 1949, is a test of a machine's ability to exhibit intelligent behaviour equivalent to that of a human. In the test, a human evaluator judges a text transcript of a natural-language conversation between a human and a machine. The evaluator tries to identify the machine, and the machine passes if the evaluator cannot reliably tell them apart. The results would not depend on the machine's ability to answer questions correctly, only on how closely its answers resembled those of a human. Since the Turing test is a test of indistinguishability in performance capacity, the verbal version generalizes naturally to all of human performance capacity, verbal as well as nonverbal (robotic).</p>"", ""lang"": ""en"", ""namespace"": {""id"": 0, ""text"": """"}, ""originalimage"": {""height"": 504, ""source"": ""https://upload.wikimedia.org/wikipedia/commons/5/55/Turing_test_diagram.png"", ""width"": 661}, ""pageid"": 21391751, ""revision"": ""1348152345"", ""thumbnail"": {""height"": 252, ""source"": ""https://upload.wikimedia.org/wikipedia/commons/thumb/5/55/Turing_test_diagram.png/330px-Turing_test_diagram.png"", ""width"": 330}, ""tid"": ""106e3654-3541-11f1-9721-ef3cbbe73ba6"", ""timestamp"": ""2026-04-11T00:54:59Z"", ""title"": ""Turing test"", ""titles"": {""canonical"": ""Turing_test"", ""display"": ""<span lang=\""en\"" dir=\""ltr\""><span class=\""mw-page-title-main\"">Turing test</span></span>"", ""normalized"": ""Turing test""}, ""type"": ""standard"", ""wikibase_item"": ""Q189223""}"
Q220798,政府通信总部,Government Communications Headquarters,政府通信总部,British intelligence agency,英國國家安全和情報機構,GCHQ,"Government Communications Headquarters (GCHQ) is an intelligence and security organisation responsible for providing signals intelligence (SIGINT) and information assurance (IA) to the government and armed forces of the United Kingdom. Primarily based at The Doughnut in the suburbs of Cheltenham, GCHQ is the responsibility of the country's Secretary of State for Foreign and Commonwealth Affairs, but it is not a part of the Foreign Office and its director ranks as a Permanent Secretary.",Organization,"{""dbpedia_uri"": ""http://dbpedia.org/resource/GCHQ"", ""wikidata_qid"": ""Q220798"", ""wikipedia_title_en"": ""GCHQ""}",wikipedia_rest,Q220798,2026-04-27T10:53:37+00:00,0.95,"{""content_urls"": {""desktop"": {""edit"": ""https://en.wikipedia.org/wiki/GCHQ?action=edit"", ""page"": ""https://en.wikipedia.org/wiki/GCHQ"", ""revisions"": ""https://en.wikipedia.org/wiki/GCHQ?action=history"", ""talk"": ""https://en.wikipedia.org/wiki/Talk:GCHQ""}, ""mobile"": {""edit"": ""https://en.wikipedia.org/wiki/GCHQ?action=edit"", ""page"": ""https://en.wikipedia.org/wiki/GCHQ"", ""revisions"": ""https://en.wikipedia.org/wiki/Special:History/GCHQ"", ""talk"": ""https://en.wikipedia.org/wiki/Talk:GCHQ""}}, ""coordinates"": {""lat"": 51.89944444, ""lon"": -2.12444444}, ""description"": ""British signals intelligence agency"", ""description_source"": ""local"", ""dir"": ""ltr"", ""displaytitle"": ""<span lang=\""en\"" dir=\""ltr\""><span class=\""mw-page-title-main\"">GCHQ</span></span>"", ""extract"": ""Government Communications Headquarters (GCHQ) is an intelligence and security organisation responsible for providing signals intelligence (SIGINT) and information assurance (IA) to the government and armed forces of the United Kingdom. Primarily based at The Doughnut in the suburbs of Cheltenham, GCHQ is the responsibility of the country's Secretary of State for Foreign and Commonwealth Affairs, but it is not a part of the Foreign Office and its director ranks as a Permanent Secretary."", ""extract_html"": ""<p><b>Government Communications Headquarters</b> (<b>GCHQ</b>) is an intelligence and security organisation responsible for providing signals intelligence (SIGINT) and information assurance (IA) to the government and armed forces of the United Kingdom. Primarily based at The Doughnut in the suburbs of Cheltenham, GCHQ is the responsibility of the country's Secretary of State for Foreign and Commonwealth Affairs, but it is not a part of the Foreign Office and its director ranks as a Permanent Secretary.</p>"", ""lang"": ""en"", ""namespace"": {""id"": 0, ""text"": """"}, ""originalimage"": {""height"": 1408, ""source"": ""https://upload.wikimedia.org/wikipedia/commons/7/74/Aerial_of_GCHQ%2C_Cheltenham%2C_Gloucestershire%2C_England_24May2017_arp.jpg"", ""width"": 1869}, ""pageid"": 12884, ""revision"": ""1348819961"", ""thumbnail"": {""height"": 249, ""source"": ""https://upload.wikimedia.org/wikipedia/commons/thumb/7/74/Aerial_of_GCHQ%2C_Cheltenham%2C_Gloucestershire%2C_England_24May2017_arp.jpg/330px-Aerial_of_GCHQ%2C_Cheltenham%2C_Gloucestershire%2C_England_24May2017_arp.jpg"", ""width"": 330}, ""tid"": ""63751066-37ff-11f1-ae1c-296c14dea036"", ""timestamp"": ""2026-04-14T12:42:25Z"", ""title"": ""GCHQ"", ""titles"": {""canonical"": ""GCHQ"", ""display"": ""<span lang=\""en\"" dir=\""ltr\""><span class=\""mw-page-title-main\"">GCHQ</span></span>"", ""normalized"": ""GCHQ""}, ""type"": ""standard"", ""wikibase_item"": ""Q220798""}"
Q480476,炸彈 (解碼機),Bombe,炸彈 (解碼機),codebreaking device created at Bletchley Park (United Kingdom),,Bombe,"The bombe was an electro-mechanical device used by British cryptologists to help decipher German Enigma-machine-encrypted secret messages during World War II. The British bombe was developed from the Polish bomba, which had been designed at the Cipher Bureau by cryptologist Marian Rejewski, who had been breaking German Enigma messages for the previous seven years, using it and earlier machines.",Machine,"{""dbpedia_uri"": ""http://dbpedia.org/resource/Bombe"", ""wikidata_qid"": ""Q480476"", ""wikipedia_title_en"": ""Bombe""}",wikipedia_rest,Q480476,2026-04-27T10:54:32+00:00,0.95,"{""content_urls"": {""desktop"": {""edit"": ""https://en.wikipedia.org/wiki/Bombe?action=edit"", ""page"": ""https://en.wikipedia.org/wiki/Bombe"", ""revisions"": ""https://en.wikipedia.org/wiki/Bombe?action=history"", ""talk"": ""https://en.wikipedia.org/wiki/Talk:Bombe""}, ""mobile"": {""edit"": ""https://en.wikipedia.org/wiki/Bombe?action=edit"", ""page"": ""https://en.wikipedia.org/wiki/Bombe"", ""revisions"": ""https://en.wikipedia.org/wiki/Special:History/Bombe"", ""talk"": ""https://en.wikipedia.org/wiki/Talk:Bombe""}}, ""description"": ""Codebreaking device created at Bletchley Park (United Kingdom)"", ""description_source"": ""local"", ""dir"": ""ltr"", ""displaytitle"": ""<span lang=\""en\"" dir=\""ltr\""><span class=\""mw-page-title-main\"">Bombe</span></span>"", ""extract"": ""The bombe was an electro-mechanical device used by British cryptologists to help decipher German Enigma-machine-encrypted secret messages during World War II. The British bombe was developed from the Polish bomba, which had been designed at the Cipher Bureau by cryptologist Marian Rejewski, who had been breaking German Enigma messages for the previous seven years, using it and earlier machines."", ""extract_html"": ""<p>The <b>bombe</b> was an electro-mechanical device used by British cryptologists to help decipher German Enigma-machine-encrypted secret messages during World War II. The British bombe was developed from the Polish bomba, which had been designed at the Cipher Bureau by cryptologist Marian Rejewski, who had been breaking German Enigma messages for the previous seven years, using it and earlier machines.</p>"", ""lang"": ""en"", ""namespace"": {""id"": 0, ""text"": """"}, ""originalimage"": {""height"": 840, ""source"": ""https://upload.wikimedia.org/wikipedia/commons/7/7a/Wartime_picture_of_a_Bletchley_Park_Bombe.jpg"", ""width"": 946}, ""pageid"": 615354, ""revision"": ""1350710845"", ""thumbnail"": {""height"": 293, ""source"": ""https://upload.wikimedia.org/wikipedia/commons/thumb/7/7a/Wartime_picture_of_a_Bletchley_Park_Bombe.jpg/330px-Wartime_picture_of_a_Bletchley_Park_Bombe.jpg"", ""width"": 330}, ""tid"": ""fdd10384-3f21-11f1-8bd6-ea7e2b274eee"", ""timestamp"": ""2026-04-23T14:37:45Z"", ""title"": ""Bombe"", ""titles"": {""canonical"": ""Bombe"", ""display"": ""<span lang=\""en\"" dir=\""ltr\""><span class=\""mw-page-title-main\"">Bombe</span></span>"", ""normalized"": ""Bombe""}, ""type"": ""standard"", ""wikibase_item"": ""Q480476""}"
Q1690167,史密斯獎,Smith's Prize,史密斯獎,Prize from University of Cambridge in mathematics and theoretical physics,,Smith's Prize,"
Smith's Prize was the name of each of two prizes awarded annually to two research students in mathematics and theoretical physics at the University of Cambridge from 1769. Following the reorganization in 1998, they are now awarded under the names Smith-Knight Prize and Rayleigh-Knight Prize.",Award,"{""dbpedia_uri"": ""http://dbpedia.org/resource/Smith's_Prize"", ""wikidata_qid"": ""Q1690167"", ""wikipedia_title_en"": ""Smith's Prize""}",wikipedia_rest,Q1690167,2026-04-27T10:53:22+00:00,0.95,"{""content_urls"": {""desktop"": {""edit"": ""https://en.wikipedia.org/wiki/Smith's_Prize?action=edit"", ""page"": ""https://en.wikipedia.org/wiki/Smith's_Prize"", ""revisions"": ""https://en.wikipedia.org/wiki/Smith's_Prize?action=history"", ""talk"": ""https://en.wikipedia.org/wiki/Talk:Smith's_Prize""}, ""mobile"": {""edit"": ""https://en.wikipedia.org/wiki/Smith's_Prize?action=edit"", ""page"": ""https://en.wikipedia.org/wiki/Smith's_Prize"", ""revisions"": ""https://en.wikipedia.org/wiki/Special:History/Smith's_Prize"", ""talk"": ""https://en.wikipedia.org/wiki/Talk:Smith's_Prize""}}, ""description"": ""Prize from University of Cambridge in mathematics and theoretical physics"", ""description_source"": ""local"", ""dir"": ""ltr"", ""displaytitle"": ""<span lang=\""en\"" dir=\""ltr\""><span class=\""mw-page-title-main\"">Smith&#039;s Prize</span></span>"", ""extract"": ""\nSmith's Prize was the name of each of two prizes awarded annually to two research students in mathematics and theoretical physics at the University of Cambridge from 1769. Following the reorganization in 1998, they are now awarded under the names Smith-Knight Prize and Rayleigh-Knight Prize."", ""extract_html"": ""<p>\n<b>Smith's Prize</b> was the name of each of two prizes awarded annually to two research students in mathematics and theoretical physics at the University of Cambridge from 1769. Following the reorganization in 1998, they are now awarded under the names <b>Smith-Knight Prize</b> and <b>Rayleigh-Knight Prize</b>.</p>"", ""lang"": ""en"", ""namespace"": {""id"": 0, ""text"": """"}, ""pageid"": 2300482, ""revision"": ""1350126165"", ""tid"": ""36ab76b7-3c9b-11f1-a409-13e388a99837"", ""timestamp"": ""2026-04-20T09:27:56Z"", ""title"": ""Smith's Prize"", ""titles"": {""canonical"": ""Smith's_Prize"", ""display"": ""<span lang=\""en\"" dir=\""ltr\""><span class=\""mw-page-title-main\"">Smith&#039;s Prize</span></span>"", ""normalized"": ""Smith's Prize""}, ""type"": ""standard"", ""wikibase_item"": ""Q1690167""}"
Q1967606,英国国家物理实验室,National Physical Laboratory,英国国家物理实验室,National Measurement Institution of the United Kingdom,英國國家計量機構,National Physical Laboratory (United Kingdom),The National Physical Laboratory (NPL) is the national measurement standards laboratory of the United Kingdom. It sets and maintains physical standards for British industry.,Organization,"{""dbpedia_uri"": ""http://dbpedia.org/resource/National_Physical_Laboratory_(United_Kingdom)"", ""wikidata_qid"": ""Q1967606"", ""wikipedia_title_en"": ""National Physical Laboratory (United Kingdom)""}",wikipedia_rest,Q1967606,2026-04-27T10:53:28+00:00,0.95,"{""content_urls"": {""desktop"": {""edit"": ""https://en.wikipedia.org/wiki/National_Physical_Laboratory_(United_Kingdom)?action=edit"", ""page"": ""https://en.wikipedia.org/wiki/National_Physical_Laboratory_(United_Kingdom)"", ""revisions"": ""https://en.wikipedia.org/wiki/National_Physical_Laboratory_(United_Kingdom)?action=history"", ""talk"": ""https://en.wikipedia.org/wiki/Talk:National_Physical_Laboratory_(United_Kingdom)""}, ""mobile"": {""edit"": ""https://en.wikipedia.org/wiki/National_Physical_Laboratory_(United_Kingdom)?action=edit"", ""page"": ""https://en.wikipedia.org/wiki/National_Physical_Laboratory_(United_Kingdom)"", ""revisions"": ""https://en.wikipedia.org/wiki/Special:History/National_Physical_Laboratory_(United_Kingdom)"", ""talk"": ""https://en.wikipedia.org/wiki/Talk:National_Physical_Laboratory_(United_Kingdom)""}}, ""coordinates"": {""lat"": 51.42638889, ""lon"": -0.34361111}, ""description"": ""National measurement institution of the UK"", ""description_source"": ""local"", ""dir"": ""ltr"", ""displaytitle"": ""<span lang=\""en\"" dir=\""ltr\""><span class=\""mw-page-title-main\"">National Physical Laboratory (United Kingdom)</span></span>"", ""extract"": ""The National Physical Laboratory (NPL) is the national measurement standards laboratory of the United Kingdom. It sets and maintains physical standards for British industry."", ""extract_html"": ""<p>The <b>National Physical Laboratory</b> (<b>NPL</b>) is the national measurement standards laboratory of the United Kingdom. It sets and maintains physical standards for British industry.</p>"", ""lang"": ""en"", ""namespace"": {""id"": 0, ""text"": """"}, ""originalimage"": {""height"": 480, ""source"": ""https://upload.wikimedia.org/wikipedia/commons/2/2a/National_Physical_Laboratory_-_geograph.org.uk_-_16240.jpg"", ""width"": 640}, ""pageid"": 250381, ""revision"": ""1346763285"", ""thumbnail"": {""height"": 248, ""source"": ""https://upload.wikimedia.org/wikipedia/commons/thumb/2/2a/National_Physical_Laboratory_-_geograph.org.uk_-_16240.jpg/330px-National_Physical_Laboratory_-_geograph.org.uk_-_16240.jpg"", ""width"": 330}, ""tid"": ""6f400941-2ec8-11f1-b9ff-d62263d39343"", ""timestamp"": ""2026-04-02T19:16:22Z"", ""title"": ""National Physical Laboratory (United Kingdom)"", ""titles"": {""canonical"": ""National_Physical_Laboratory_(United_Kingdom)"", ""display"": ""<span lang=\""en\"" dir=\""ltr\""><span class=\""mw-page-title-main\"">National Physical Laboratory (United Kingdom)</span></span>"", ""normalized"": ""National Physical Laboratory (United Kingdom)""}, ""type"": ""standard"", ""wikibase_item"": ""Q1967606""}"
Q2011497,威姆斯洛,Wilmslow,威姆斯洛,"town and civil parish in Cheshire East, England",,Wilmslow,"Wilmslow is a market town and civil parish in the borough of Cheshire East, in Cheshire, England. It lies 11 miles (18 km) south of Manchester and 7 miles (11 km) north-west of Macclesfield. At the 2021 census, the parish had a population of 26,213 and the built up area had a population of 25,725.",Place,"{""dbpedia_uri"": ""http://dbpedia.org/resource/Wilmslow"", ""wikidata_qid"": ""Q2011497"", ""wikipedia_title_en"": ""Wilmslow""}",wikipedia_rest,Q2011497,2026-04-27T10:53:31+00:00,0.95,"{""content_urls"": {""desktop"": {""edit"": ""https://en.wikipedia.org/wiki/Wilmslow?action=edit"", ""page"": ""https://en.wikipedia.org/wiki/Wilmslow"", ""revisions"": ""https://en.wikipedia.org/wiki/Wilmslow?action=history"", ""talk"": ""https://en.wikipedia.org/wiki/Talk:Wilmslow""}, ""mobile"": {""edit"": ""https://en.wikipedia.org/wiki/Wilmslow?action=edit"", ""page"": ""https://en.wikipedia.org/wiki/Wilmslow"", ""revisions"": ""https://en.wikipedia.org/wiki/Special:History/Wilmslow"", ""talk"": ""https://en.wikipedia.org/wiki/Talk:Wilmslow""}}, ""coordinates"": {""lat"": 53.325, ""lon"": -2.239}, ""description"": ""Market town and civil parish in Cheshire, England"", ""description_source"": ""local"", ""dir"": ""ltr"", ""displaytitle"": ""<span lang=\""en\"" dir=\""ltr\""><span class=\""mw-page-title-main\"">Wilmslow</span></span>"", ""extract"": ""Wilmslow is a market town and civil parish in the borough of Cheshire East, in Cheshire, England. It lies 11 miles (18 km) south of Manchester and 7 miles (11 km) north-west of Macclesfield. At the 2021 census, the parish had a population of 26,213 and the built up area had a population of 25,725."", ""extract_html"": ""<p><b>Wilmslow</b> is a market town and civil parish in the borough of Cheshire East, in Cheshire, England. It lies 11 miles (18 km) south of Manchester and 7 miles (11 km) north-west of Macclesfield. At the 2021 census, the parish had a population of 26,213 and the built up area had a population of 25,725.</p>"", ""lang"": ""en"", ""namespace"": {""id"": 0, ""text"": """"}, ""originalimage"": {""height"": 1228, ""source"": ""https://upload.wikimedia.org/wikipedia/commons/0/0f/Grove_Street_-_geograph.org.uk_-_5639898.jpg"", ""width"": 1280}, ""pageid"": 907036, ""revision"": ""1351072446"", ""thumbnail"": {""height"": 317, ""source"": ""https://upload.wikimedia.org/wikipedia/commons/thumb/0/0f/Grove_Street_-_geograph.org.uk_-_5639898.jpg/330px-Grove_Street_-_geograph.org.uk_-_5639898.jpg"", ""width"": 330}, ""tid"": ""b2188a6d-40e0-11f1-b5e2-cb39c3298bbd"", ""timestamp"": ""2026-04-25T19:55:23Z"", ""title"": ""Wilmslow"", ""titles"": {""canonical"": ""Wilmslow"", ""display"": ""<span lang=\""en\"" dir=\""ltr\""><span class=\""mw-page-title-main\"">Wilmslow</span></span>"", ""normalized"": ""Wilmslow""}, ""type"": ""standard"", ""wikibase_item"": ""Q2011497""}"
Q2278254,舍伯恩學校,Sherborne School,舍伯恩學校,"school in Sherborne, Dorset, England, UK",,Sherborne School,"Sherborne School, marketed as Sherborne Boys, is a full-boarding school for boys aged 13 to 18 located beside Sherborne Abbey in the Dorset town of Sherborne. The school has been in continuous operation on the same site for over 1,300 years. It was founded in 705 AD by St Aldhelm and, following the dissolution of the monasteries, re-founded in 1550 by Edward VI, making it one of the oldest schools in the United Kingdom. Sherborne is one of the twelve founding member public schools of the Headmasters' and Headmistresses' Conference in 1869 and is a member of the Eton Group and Boarding Schools Association.",Organization,"{""dbpedia_uri"": ""http://dbpedia.org/resource/Sherborne_School"", ""wikidata_qid"": ""Q2278254"", ""wikipedia_title_en"": ""Sherborne School""}",wikipedia_rest,Q2278254,2026-04-27T10:54:18+00:00,0.95,"{""content_urls"": {""desktop"": {""edit"": ""https://en.wikipedia.org/wiki/Sherborne_School?action=edit"", ""page"": ""https://en.wikipedia.org/wiki/Sherborne_School"", ""revisions"": ""https://en.wikipedia.org/wiki/Sherborne_School?action=history"", ""talk"": ""https://en.wikipedia.org/wiki/Talk:Sherborne_School""}, ""mobile"": {""edit"": ""https://en.wikipedia.org/wiki/Sherborne_School?action=edit"", ""page"": ""https://en.wikipedia.org/wiki/Sherborne_School"", ""revisions"": ""https://en.wikipedia.org/wiki/Special:History/Sherborne_School"", ""talk"": ""https://en.wikipedia.org/wiki/Talk:Sherborne_School""}}, ""coordinates"": {""lat"": 50.9478, ""lon"": -2.5145}, ""description"": ""Public school in Sherborne, Dorset, England"", ""description_source"": ""local"", ""dir"": ""ltr"", ""displaytitle"": ""<span lang=\""en\"" dir=\""ltr\""><span class=\""mw-page-title-main\"">Sherborne School</span></span>"", ""extract"": ""Sherborne School, marketed as Sherborne Boys, is a full-boarding school for boys aged 13 to 18 located beside Sherborne Abbey in the Dorset town of Sherborne. The school has been in continuous operation on the same site for over 1,300 years. It was founded in 705 AD by St Aldhelm and, following the dissolution of the monasteries, re-founded in 1550 by Edward VI, making it one of the oldest schools in the United Kingdom. Sherborne is one of the twelve founding member public schools of the Headmasters' and Headmistresses' Conference in 1869 and is a member of the Eton Group and Boarding Schools Association."", ""extract_html"": ""<p><b>Sherborne School</b>, marketed as Sherborne Boys, is a full-boarding school for boys aged 13 to 18 located beside Sherborne Abbey in the Dorset town of Sherborne. The school has been in continuous operation on the same site for over 1,300 years. It was founded in 705 AD by St Aldhelm and, following the dissolution of the monasteries, re-founded in 1550 by Edward VI, making it one of the oldest schools in the United Kingdom. Sherborne is one of the twelve founding member public schools of the Headmasters' and Headmistresses' Conference in 1869 and is a member of the Eton Group and Boarding Schools Association.</p>"", ""lang"": ""en"", ""namespace"": {""id"": 0, ""text"": """"}, ""originalimage"": {""height"": 2970, ""source"": ""https://upload.wikimedia.org/wikipedia/commons/f/fd/Sherbone_School_Main_Wiki_Image.jpg"", ""width"": 2290}, ""pageid"": 672261, ""revision"": ""1349024528"", ""thumbnail"": {""height"": 428, ""source"": ""https://upload.wikimedia.org/wikipedia/commons/thumb/f/fd/Sherbone_School_Main_Wiki_Image.jpg/330px-Sherbone_School_Main_Wiki_Image.jpg"", ""width"": 330}, ""tid"": ""0b044a43-38bd-11f1-940b-f82d3718fbd9"", ""timestamp"": ""2026-04-15T11:20:01Z"", ""title"": ""Sherborne School"", ""titles"": {""canonical"": ""Sherborne_School"", ""display"": ""<span lang=\""en\"" dir=\""ltr\""><span class=\""mw-page-title-main\"">Sherborne School</span></span>"", ""normalized"": ""Sherborne School""}, ""type"": ""standard"", ""wikibase_item"": ""Q2278254""}"
Q4428206,ACE,Automatic Computing Engine,ACE,British early electronic serial stored-program computer,,Automatic Computing Engine,The Automatic Computing Engine (ACE) was an early British electronic serial stored-program computer design by Alan Turing. Turing completed the ambitious design in late 1945.,Machine,"{""dbpedia_uri"": ""http://dbpedia.org/resource/Automatic_Computing_Engine"", ""wikidata_qid"": ""Q4428206"", ""wikipedia_title_en"": ""Automatic Computing Engine""}",wikipedia_rest,Q4428206,2026-04-27T10:54:29+00:00,0.95,"{""content_urls"": {""desktop"": {""edit"": ""https://en.wikipedia.org/wiki/Automatic_Computing_Engine?action=edit"", ""page"": ""https://en.wikipedia.org/wiki/Automatic_Computing_Engine"", ""revisions"": ""https://en.wikipedia.org/wiki/Automatic_Computing_Engine?action=history"", ""talk"": ""https://en.wikipedia.org/wiki/Talk:Automatic_Computing_Engine""}, ""mobile"": {""edit"": ""https://en.wikipedia.org/wiki/Automatic_Computing_Engine?action=edit"", ""page"": ""https://en.wikipedia.org/wiki/Automatic_Computing_Engine"", ""revisions"": ""https://en.wikipedia.org/wiki/Special:History/Automatic_Computing_Engine"", ""talk"": ""https://en.wikipedia.org/wiki/Talk:Automatic_Computing_Engine""}}, ""description"": ""British early electronic serial stored-program computer"", ""description_source"": ""local"", ""dir"": ""ltr"", ""displaytitle"": ""<span lang=\""en\"" dir=\""ltr\""><span class=\""mw-page-title-main\"">Automatic Computing Engine</span></span>"", ""extract"": ""The Automatic Computing Engine (ACE) was an early British electronic serial stored-program computer design by Alan Turing. Turing completed the ambitious design in late 1945."", ""extract_html"": ""<p>The <b>Automatic Computing Engine</b> (<b>ACE</b>) was an early British electronic serial stored-program computer design by Alan Turing. Turing completed the ambitious design in late 1945.</p>"", ""lang"": ""en"", ""namespace"": {""id"": 0, ""text"": """"}, ""originalimage"": {""height"": 2956, ""source"": ""https://upload.wikimedia.org/wikipedia/commons/thumb/1/12/Pilot_ACE3.jpg/3840px-Pilot_ACE3.jpg"", ""width"": 4928}, ""pageid"": 988735, ""revision"": ""1339805968"", ""thumbnail"": {""height"": 198, ""source"": ""https://upload.wikimedia.org/wikipedia/commons/thumb/1/12/Pilot_ACE3.jpg/330px-Pilot_ACE3.jpg"", ""width"": 330}, ""tid"": ""1470e214-0fe7-11f1-9cf1-e425f60b057f"", ""timestamp"": ""2026-02-22T12:07:38Z"", ""title"": ""Automatic Computing Engine"", ""titles"": {""canonical"": ""Automatic_Computing_Engine"", ""display"": ""<span lang=\""en\"" dir=\""ltr\""><span class=\""mw-page-title-main\"">Automatic Computing Engine</span></span>"", ""normalized"": ""Automatic Computing Engine""}, ""type"": ""standard"", ""wikibase_item"": ""Q4428206""}"
Q5583769,图灵估计,Good–Turing frequency estimation,图灵估计,statistical technique,,Good–Turing frequency estimation,"
Good–Turing frequency estimation is a statistical technique for estimating the probability of encountering an object of a hitherto unseen species, given a set of past observations of objects from different species. In drawing balls from an urn, the 'objects' would be balls and the 'species' would be the distinct colours of the balls. After drawing  red balls,  black balls and  green balls, we would ask what is the probability of drawing a red ball, a black ball, a green ball or one of a previously unseen colour.",Concept,"{""dbpedia_uri"": ""http://dbpedia.org/resource/Good–Turing_frequency_estimation"", ""wikidata_qid"": ""Q5583769"", ""wikipedia_title_en"": ""Good–Turing frequency estimation""}",wikipedia_rest,Q5583769,2026-04-27T10:54:35+00:00,0.95,"{""content_urls"": {""desktop"": {""edit"": ""https://en.wikipedia.org/wiki/Good%E2%80%93Turing_frequency_estimation?action=edit"", ""page"": ""https://en.wikipedia.org/wiki/Good%E2%80%93Turing_frequency_estimation"", ""revisions"": ""https://en.wikipedia.org/wiki/Good%E2%80%93Turing_frequency_estimation?action=history"", ""talk"": ""https://en.wikipedia.org/wiki/Talk:Good%E2%80%93Turing_frequency_estimation""}, ""mobile"": {""edit"": ""https://en.wikipedia.org/wiki/Good%E2%80%93Turing_frequency_estimation?action=edit"", ""page"": ""https://en.wikipedia.org/wiki/Good%E2%80%93Turing_frequency_estimation"", ""revisions"": ""https://en.wikipedia.org/wiki/Special:History/Good%E2%80%93Turing_frequency_estimation"", ""talk"": ""https://en.wikipedia.org/wiki/Talk:Good%E2%80%93Turing_frequency_estimation""}}, ""description"": ""Statistical technique developed by Alan Turing and I. J. Good"", ""description_source"": ""local"", ""dir"": ""ltr"", ""displaytitle"": ""<span lang=\""en\"" dir=\""ltr\""><span class=\""mw-page-title-main\"">Good–Turing frequency estimation</span></span>"", ""extract"": ""\nGood–Turing frequency estimation is a statistical technique for estimating the probability of encountering an object of a hitherto unseen species, given a set of past observations of objects from different species. In drawing balls from an urn, the 'objects' would be balls and the 'species' would be the distinct colours of the balls. After drawing  red balls,  black balls and  green balls, we would ask what is the probability of drawing a red ball, a black ball, a green ball or one of a previously unseen colour."", ""extract_html"": ""<p>\n<b>Good–Turing frequency estimation</b> is a statistical technique for estimating the probability of encountering an object of a hitherto unseen species, given a set of past observations of objects from different species. In drawing balls from an urn, the 'objects' would be balls and the 'species' would be the distinct colours of the balls. After drawing <span class=\""mwe-math-element mwe-math-element-inline\""><img src=\""https://wikimedia.org/api/rest_v1/media/math/render/svg/13919322a1ccba5f1782b050ffc68416db4a91a5\"" class=\""mwe-math-fallback-image-inline mw-invert skin-invert\"" aria-hidden=\""true\"" style=\""vertical-align:-0.671ex;width:4.285ex;height:2.509ex\"" /></span> red balls, <span class=\""mwe-math-element mwe-math-element-inline\""><img src=\""https://wikimedia.org/api/rest_v1/media/math/render/svg/eb2cd0cc2ef39134ee4c2eb54b6bf4cf2654b233\"" class=\""mwe-math-fallback-image-inline mw-invert skin-invert\"" aria-hidden=\""true\"" style=\""vertical-align:-0.671ex;width:5.788ex;height:2.509ex\"" /></span> black balls and <span class=\""mwe-math-element mwe-math-element-inline\""><img src=\""https://wikimedia.org/api/rest_v1/media/math/render/svg/29d76feafd5977caf5701fe4ae6af8ef279dbaf2\"" class=\""mwe-math-fallback-image-inline mw-invert skin-invert\"" aria-hidden=\""true\"" style=\""vertical-align:-1.005ex;width:5.837ex;height:2.843ex\"" /></span> green balls, we would ask what is the probability of drawing a red ball, a black ball, a green ball or one of a previously unseen colour.</p>"", ""lang"": ""en"", ""namespace"": {""id"": 0, ""text"": """"}, ""pageid"": 6997954, ""revision"": ""1330979276"", ""tid"": ""ee786c1c-e8d6-11f0-81d1-52e1ead02a8b"", ""timestamp"": ""2026-01-03T19:03:47Z"", ""title"": ""Good–Turing frequency estimation"", ""titles"": {""canonical"": ""Good–Turing_frequency_estimation"", ""display"": ""<span lang=\""en\"" dir=\""ltr\""><span class=\""mw-page-title-main\"">Good–Turing frequency estimation</span></span>"", ""normalized"": ""Good–Turing frequency estimation""}, ""type"": ""standard"", ""wikibase_item"": ""Q5583769""}"
Q10762848,大英帝國官佐,Officer of the Order of the British Empire,大英帝國官佐,"award, rank of the Order of the British Empire",,Officer of the Order of the British Empire,"The Most Excellent Order of the British Empire is a British order of chivalry, rewarding valuable service in a wide range of useful activities. It comprises five classes of awards across both civil and military divisions, the most senior two of which make the recipient either a knight if male or a dame if female. There is also the related British Empire Medal, whose recipients are affiliated with the order, but are not members of it.",Award,"{""dbpedia_uri"": ""http://dbpedia.org/resource/Officer_of_the_Order_of_the_British_Empire"", ""wikidata_qid"": ""Q10762848"", ""wikipedia_title_en"": ""Officer of the Order of the British Empire""}",wikipedia_rest,Q10762848,2026-04-27T10:53:05+00:00,0.95,"{""content_urls"": {""desktop"": {""edit"": ""https://en.wikipedia.org/wiki/Order_of_the_British_Empire?action=edit"", ""page"": ""https://en.wikipedia.org/wiki/Order_of_the_British_Empire"", ""revisions"": ""https://en.wikipedia.org/wiki/Order_of_the_British_Empire?action=history"", ""talk"": ""https://en.wikipedia.org/wiki/Talk:Order_of_the_British_Empire""}, ""mobile"": {""edit"": ""https://en.wikipedia.org/wiki/Order_of_the_British_Empire?action=edit"", ""page"": ""https://en.wikipedia.org/wiki/Order_of_the_British_Empire"", ""revisions"": ""https://en.wikipedia.org/wiki/Special:History/Order_of_the_British_Empire"", ""talk"": ""https://en.wikipedia.org/wiki/Talk:Order_of_the_British_Empire""}}, ""description"": ""British order of chivalry established in 1917"", ""description_source"": ""local"", ""dir"": ""ltr"", ""displaytitle"": ""<span lang=\""en\"" dir=\""ltr\""><span class=\""mw-page-title-main\"">Order of the British Empire</span></span>"", ""extract"": ""The Most Excellent Order of the British Empire is a British order of chivalry, rewarding valuable service in a wide range of useful activities. It comprises five classes of awards across both civil and military divisions, the most senior two of which make the recipient either a knight if male or a dame if female. There is also the related British Empire Medal, whose recipients are affiliated with the order, but are not members of it."", ""extract_html"": ""<p>The <b>Most Excellent Order of the British Empire</b> is a British order of chivalry, rewarding valuable service in a wide range of useful activities. It comprises five classes of awards across both civil and military divisions, the most senior two of which make the recipient either a knight if male or a dame if female. There is also the related British Empire Medal, whose recipients are affiliated with the order, but are not members of it.</p>"", ""lang"": ""en"", ""namespace"": {""id"": 0, ""text"": """"}, ""originalimage"": {""height"": 2750, ""source"": ""https://upload.wikimedia.org/wikipedia/commons/5/57/CBE_AEAColl.jpg"", ""width"": 1920}, ""pageid"": 212182, ""revision"": ""1349238471"", ""thumbnail"": {""height"": 473, ""source"": ""https://upload.wikimedia.org/wikipedia/commons/thumb/5/57/CBE_AEAColl.jpg/330px-CBE_AEAColl.jpg"", ""width"": 330}, ""tid"": ""6dc11625-3985-11f1-a39c-71f2aea4c0bd"", ""timestamp"": ""2026-04-16T11:14:26Z"", ""title"": ""Order of the British Empire"", ""titles"": {""canonical"": ""Order_of_the_British_Empire"", ""display"": ""<span lang=\""en\"" dir=\""ltr\""><span class=\""mw-page-title-main\"">Order of the British Empire</span></span>"", ""normalized"": ""Order of the British Empire""}, ""type"": ""standard"", ""wikibase_item"": ""Q14420""}"
Q15631401,英国皇家学会院士,Fellow of the Royal Society,英国皇家学会院士,"elected Fellow of the Royal Society in London, including Honorary, Foreign and Royal Fellows",英国学术荣誉称号,Fellow of the Royal Society,"Fellowship of the Royal Society is an award granted by the Fellows of the Royal Society of London to individuals who have made a ""substantial contribution to the improvement of natural knowledge, including mathematics, engineering science, and medical science"".",Award,"{""dbpedia_uri"": ""http://dbpedia.org/resource/Fellow_of_the_Royal_Society"", ""wikidata_qid"": ""Q15631401"", ""wikipedia_title_en"": ""Fellow of the Royal Society""}",wikipedia_rest,Q15631401,2026-04-27T10:53:14+00:00,0.95,"{""content_urls"": {""desktop"": {""edit"": ""https://en.wikipedia.org/wiki/Fellow_of_the_Royal_Society?action=edit"", ""page"": ""https://en.wikipedia.org/wiki/Fellow_of_the_Royal_Society"", ""revisions"": ""https://en.wikipedia.org/wiki/Fellow_of_the_Royal_Society?action=history"", ""talk"": ""https://en.wikipedia.org/wiki/Talk:Fellow_of_the_Royal_Society""}, ""mobile"": {""edit"": ""https://en.wikipedia.org/wiki/Fellow_of_the_Royal_Society?action=edit"", ""page"": ""https://en.wikipedia.org/wiki/Fellow_of_the_Royal_Society"", ""revisions"": ""https://en.wikipedia.org/wiki/Special:History/Fellow_of_the_Royal_Society"", ""talk"": ""https://en.wikipedia.org/wiki/Talk:Fellow_of_the_Royal_Society""}}, ""description"": ""Award by the Royal Society of London"", ""description_source"": ""local"", ""dir"": ""ltr"", ""displaytitle"": ""<span lang=\""en\"" dir=\""ltr\""><span class=\""mw-page-title-main\"">Fellow of the Royal Society</span></span>"", ""extract"": ""Fellowship of the Royal Society is an award granted by the Fellows of the Royal Society of London to individuals who have made a \""substantial contribution to the improvement of natural knowledge, including mathematics, engineering science, and medical science\""."", ""extract_html"": ""<p><b>Fellowship of the Royal Society</b> is an award granted by the Fellows of the Royal Society of London to individuals who have made a \""substantial contribution to the improvement of natural knowledge, including mathematics, engineering science, and medical science\"".</p>"", ""lang"": ""en"", ""namespace"": {""id"": 0, ""text"": """"}, ""originalimage"": {""height"": 3682, ""source"": ""https://upload.wikimedia.org/wikipedia/commons/6/6c/Entrance_to_The_Royal_Society.jpg"", ""width"": 5533}, ""pageid"": 510795, ""revision"": ""1342488191"", ""thumbnail"": {""height"": 220, ""source"": ""https://upload.wikimedia.org/wikipedia/commons/thumb/6/6c/Entrance_to_The_Royal_Society.jpg/330px-Entrance_to_The_Royal_Society.jpg"", ""width"": 330}, ""tid"": ""7dc32b22-1b7d-11f1-8b1e-2745ade0b71b"", ""timestamp"": ""2026-03-09T06:02:02Z"", ""title"": ""Fellow of the Royal Society"", ""titles"": {""canonical"": ""Fellow_of_the_Royal_Society"", ""display"": ""<span lang=\""en\"" dir=\""ltr\""><span class=\""mw-page-title-main\"">Fellow of the Royal Society</span></span>"", ""normalized"": ""Fellow of the Royal Society""}, ""type"": ""standard"", ""wikibase_item"": ""Q15631401""}"
Q20895942,Warrington Lodge,Warrington Lodge,,"former nursing home in London W9, England",,,,Place,"{""wikidata_qid"": ""Q20895942"", ""wikipedia_title_en"": null}",wikidata_sparql,Q20895942,2026-04-27T10:52:56+00:00,0.95,"{""birth_date_raw"": null, ""death_date_raw"": null, ""instance_of_ids"": [""Q41176"", ""Q837142""], ""instance_of_labels"": [""building"", ""nursing home""]}"
Q20895966,Intelligent Machinery,Intelligent Machinery,,"report by Alan Turing to NPL, 1948",,,,Work,"{""wikidata_qid"": ""Q20895966"", ""wikipedia_title_en"": null}",wikidata_sparql,Q20895966,2026-04-27T10:52:56+00:00,0.95,"{""birth_date_raw"": null, ""death_date_raw"": null, ""instance_of_ids"": [""Q10870555""], ""instance_of_labels"": [""report""]}"
Q39086154,Turing's Wager,Turing's Wager,,philosophical argument developed by Alan Turing,,Turing's Wager,"Turing's Wager is a philosophical argument that claims it is impossible to infer or deduce a detailed mathematical model of the human brain within a reasonable timescale, and thus impossible in any practical sense. The argument was first given in 1950 by the computational theorist Alan Turing in his paper Computing Machinery and Intelligence, published in Mind. The argument asserts that determining any mathematical model of a computer is not possible in a reasonable timeframe. As a consequence, determining a mathematical model of the human brain must also be impossible within that timeframe.",Concept,"{""dbpedia_uri"": ""http://dbpedia.org/resource/Turing's_Wager"", ""wikidata_qid"": ""Q39086154"", ""wikipedia_title_en"": ""Turing's Wager""}",wikipedia_rest,Q39086154,2026-04-27T10:54:27+00:00,0.95,"{""content_urls"": {""desktop"": {""edit"": ""https://en.wikipedia.org/wiki/Turing's_Wager?action=edit"", ""page"": ""https://en.wikipedia.org/wiki/Turing's_Wager"", ""revisions"": ""https://en.wikipedia.org/wiki/Turing's_Wager?action=history"", ""talk"": ""https://en.wikipedia.org/wiki/Talk:Turing's_Wager""}, ""mobile"": {""edit"": ""https://en.wikipedia.org/wiki/Turing's_Wager?action=edit"", ""page"": ""https://en.wikipedia.org/wiki/Turing's_Wager"", ""revisions"": ""https://en.wikipedia.org/wiki/Special:History/Turing's_Wager"", ""talk"": ""https://en.wikipedia.org/wiki/Talk:Turing's_Wager""}}, ""dir"": ""ltr"", ""displaytitle"": ""<span lang=\""en\"" dir=\""ltr\""><span class=\""mw-page-title-main\"">Turing&#039;s Wager</span></span>"", ""extract"": ""Turing's Wager is a philosophical argument that claims it is impossible to infer or deduce a detailed mathematical model of the human brain within a reasonable timescale, and thus impossible in any practical sense. The argument was first given in 1950 by the computational theorist Alan Turing in his paper Computing Machinery and Intelligence, published in Mind. The argument asserts that determining any mathematical model of a computer is not possible in a reasonable timeframe. As a consequence, determining a mathematical model of the human brain must also be impossible within that timeframe."", ""extract_html"": ""<p><b>Turing's Wager</b> is a philosophical argument that claims it is impossible to infer or deduce a detailed mathematical model of the human brain within a reasonable timescale, and thus impossible in any practical sense. The argument was first given in 1950 by the computational theorist Alan Turing in his paper <i>Computing Machinery and Intelligence</i>, published in <i>Mind</i>. The argument asserts that determining any mathematical model of a computer is not possible in a reasonable timeframe. As a consequence, determining a mathematical model of the human brain must also be impossible within that timeframe.</p>"", ""lang"": ""en"", ""namespace"": {""id"": 0, ""text"": """"}, ""pageid"": 54374612, ""revision"": ""1238044157"", ""tid"": ""9edca5c1-5045-11ef-9d03-61909a7a812a"", ""timestamp"": ""2024-08-01T20:35:42Z"", ""title"": ""Turing's Wager"", ""titles"": {""canonical"": ""Turing's_Wager"", ""display"": ""<span lang=\""en\"" dir=\""ltr\""><span class=\""mw-page-title-main\"">Turing&#039;s Wager</span></span>"", ""normalized"": ""Turing's Wager""}, ""type"": ""standard"", ""wikibase_item"": ""Q39086154""}"
Q133854517,Q133854517,,,,,,,Concept,"{""wikidata_qid"": ""Q133854517"", ""wikipedia_title_en"": null}",wikidata_sparql,Q133854517,2026-04-27T10:52:56+00:00,0.95,"{""birth_date_raw"": null, ""death_date_raw"": null, ""instance_of_ids"": [""Q12579633"", ""Q141090""], ""instance_of_labels"": [""invention"", ""encryption""]}"
Q14420,大英帝國勳章,Order of the British Empire,大英帝國勳章,British order of chivalry,嘉奖制度,Order of the British Empire,"The Most Excellent Order of the British Empire is a British order of chivalry, rewarding valuable service in a wide range of useful activities. It comprises five classes of awards across both civil and military divisions, the most senior two of which make the recipient either a knight if male or a dame if female. There is also the related British Empire Medal, whose recipients are affiliated with the order, but are not members of it.",Award,"{""dbpedia_uri"": ""http://dbpedia.org/resource/Order_of_the_British_Empire"", ""wikidata_qid"": ""Q14420"", ""wikipedia_title_en"": ""Order of the British Empire""}",wikipedia_rest,Q14420,2026-04-27T10:53:11+00:00,0.95,"{""content_urls"": {""desktop"": {""edit"": ""https://en.wikipedia.org/wiki/Order_of_the_British_Empire?action=edit"", ""page"": ""https://en.wikipedia.org/wiki/Order_of_the_British_Empire"", ""revisions"": ""https://en.wikipedia.org/wiki/Order_of_the_British_Empire?action=history"", ""talk"": ""https://en.wikipedia.org/wiki/Talk:Order_of_the_British_Empire""}, ""mobile"": {""edit"": ""https://en.wikipedia.org/wiki/Order_of_the_British_Empire?action=edit"", ""page"": ""https://en.wikipedia.org/wiki/Order_of_the_British_Empire"", ""revisions"": ""https://en.wikipedia.org/wiki/Special:History/Order_of_the_British_Empire"", ""talk"": ""https://en.wikipedia.org/wiki/Talk:Order_of_the_British_Empire""}}, ""description"": ""British order of chivalry established in 1917"", ""description_source"": ""local"", ""dir"": ""ltr"", ""displaytitle"": ""<span lang=\""en\"" dir=\""ltr\""><span class=\""mw-page-title-main\"">Order of the British Empire</span></span>"", ""extract"": ""The Most Excellent Order of the British Empire is a British order of chivalry, rewarding valuable service in a wide range of useful activities. It comprises five classes of awards across both civil and military divisions, the most senior two of which make the recipient either a knight if male or a dame if female. There is also the related British Empire Medal, whose recipients are affiliated with the order, but are not members of it."", ""extract_html"": ""<p>The <b>Most Excellent Order of the British Empire</b> is a British order of chivalry, rewarding valuable service in a wide range of useful activities. It comprises five classes of awards across both civil and military divisions, the most senior two of which make the recipient either a knight if male or a dame if female. There is also the related British Empire Medal, whose recipients are affiliated with the order, but are not members of it.</p>"", ""lang"": ""en"", ""namespace"": {""id"": 0, ""text"": """"}, ""originalimage"": {""height"": 2750, ""source"": ""https://upload.wikimedia.org/wikipedia/commons/5/57/CBE_AEAColl.jpg"", ""width"": 1920}, ""pageid"": 212182, ""revision"": ""1349238471"", ""thumbnail"": {""height"": 473, ""source"": ""https://upload.wikimedia.org/wikipedia/commons/thumb/5/57/CBE_AEAColl.jpg/330px-CBE_AEAColl.jpg"", ""width"": 330}, ""tid"": ""6dc11665-3985-11f1-91b7-becc898af5f9"", ""timestamp"": ""2026-04-16T11:14:26Z"", ""title"": ""Order of the British Empire"", ""titles"": {""canonical"": ""Order_of_the_British_Empire"", ""display"": ""<span lang=\""en\"" dir=\""ltr\""><span class=\""mw-page-title-main\"">Order of the British Empire</span></span>"", ""normalized"": ""Order of the British Empire""}, ""type"": ""standard"", ""wikibase_item"": ""Q14420""}"
Q21578,普林斯顿大学,Princeton University,普林斯顿大学,"private Ivy League research university in Princeton, New Jersey, United States",在美國新澤西普林斯頓的私立常春藤聯盟研究型大學,Princeton University,"Princeton University is a private Ivy League research university in Princeton, New Jersey, United States. Founded in 1746 in Elizabeth as the College of New Jersey, Princeton is the fourth-oldest institution of higher education in the United States and one of the nine colonial colleges chartered before the American Revolution. The institution moved to Newark in 1747 and then to its Mercer County campus in Princeton nine years later. It officially became a university in 1896 and was subsequently renamed Princeton University.",Organization,"{""dbpedia_uri"": ""http://dbpedia.org/resource/Princeton_University"", ""wikidata_qid"": ""Q21578"", ""wikipedia_title_en"": ""Princeton University""}",wikipedia_rest,Q21578,2026-04-27T10:53:34+00:00,0.95,"{""content_urls"": {""desktop"": {""edit"": ""https://en.wikipedia.org/wiki/Princeton_University?action=edit"", ""page"": ""https://en.wikipedia.org/wiki/Princeton_University"", ""revisions"": ""https://en.wikipedia.org/wiki/Princeton_University?action=history"", ""talk"": ""https://en.wikipedia.org/wiki/Talk:Princeton_University""}, ""mobile"": {""edit"": ""https://en.wikipedia.org/wiki/Princeton_University?action=edit"", ""page"": ""https://en.wikipedia.org/wiki/Princeton_University"", ""revisions"": ""https://en.wikipedia.org/wiki/Special:History/Princeton_University"", ""talk"": ""https://en.wikipedia.org/wiki/Talk:Princeton_University""}}, ""coordinates"": {""lat"": 40.34527778, ""lon"": -74.65611111}, ""description"": ""Private university in Princeton, New Jersey, US"", ""description_source"": ""local"", ""dir"": ""ltr"", ""displaytitle"": ""<span lang=\""en\"" dir=\""ltr\""><span class=\""mw-page-title-main\"">Princeton University</span></span>"", ""extract"": ""Princeton University is a private Ivy League research university in Princeton, New Jersey, United States. Founded in 1746 in Elizabeth as the College of New Jersey, Princeton is the fourth-oldest institution of higher education in the United States and one of the nine colonial colleges chartered before the American Revolution. The institution moved to Newark in 1747 and then to its Mercer County campus in Princeton nine years later. It officially became a university in 1896 and was subsequently renamed Princeton University."", ""extract_html"": ""<p><b>Princeton University</b> is a private Ivy League research university in Princeton, New Jersey, United States. Founded in 1746 in Elizabeth as the <b>College of New Jersey</b>, Princeton is the fourth-oldest institution of higher education in the United States and one of the nine colonial colleges chartered before the American Revolution. The institution moved to Newark in 1747 and then to its Mercer County campus in Princeton nine years later. It officially became a university in 1896 and was subsequently renamed Princeton University.</p>"", ""lang"": ""en"", ""namespace"": {""id"": 0, ""text"": """"}, ""originalimage"": {""height"": 335, ""source"": ""https://upload.wikimedia.org/wikipedia/commons/thumb/d/d0/Princeton_seal.svg/330px-Princeton_seal.svg.png"", ""width"": 263}, ""pageid"": 23922, ""revision"": ""1350211076"", ""thumbnail"": {""height"": 420, ""source"": ""https://upload.wikimedia.org/wikipedia/commons/thumb/d/d0/Princeton_seal.svg/330px-Princeton_seal.svg.png"", ""width"": 330}, ""tid"": ""135ce7fa-3cec-11f1-aaa4-2824d9a32821"", ""timestamp"": ""2026-04-20T19:06:46Z"", ""title"": ""Princeton University"", ""titles"": {""canonical"": ""Princeton_University"", ""display"": ""<span lang=\""en\"" dir=\""ltr\""><span class=\""mw-page-title-main\"">Princeton University</span></span>"", ""normalized"": ""Princeton University""}, ""type"": ""standard"", ""wikibase_item"": ""Q21578""}"
Q35794,剑桥大学,University of Cambridge,剑桥大学,"collegiate public research university in Cambridge, England, United Kingdom",1209年创建的一所学校,University of Cambridge,"The University of Cambridge is a collegiate public research university in Cambridge, England. Founded in 1209, the University of Cambridge is the world's third-oldest university in continuous operation. The university's founding followed the arrival of scholars who left the University of Oxford for Cambridge after a dispute with local townspeople. The two ancient English universities, although sometimes described as rivals, share many common features and are often jointly referred to as Oxbridge.",Organization,"{""dbpedia_uri"": ""http://dbpedia.org/resource/University_of_Cambridge"", ""wikidata_qid"": ""Q35794"", ""wikipedia_title_en"": ""University of Cambridge""}",wikipedia_rest,Q35794,2026-04-27T10:54:23+00:00,0.95,"{""content_urls"": {""desktop"": {""edit"": ""https://en.wikipedia.org/wiki/University_of_Cambridge?action=edit"", ""page"": ""https://en.wikipedia.org/wiki/University_of_Cambridge"", ""revisions"": ""https://en.wikipedia.org/wiki/University_of_Cambridge?action=history"", ""talk"": ""https://en.wikipedia.org/wiki/Talk:University_of_Cambridge""}, ""mobile"": {""edit"": ""https://en.wikipedia.org/wiki/University_of_Cambridge?action=edit"", ""page"": ""https://en.wikipedia.org/wiki/University_of_Cambridge"", ""revisions"": ""https://en.wikipedia.org/wiki/Special:History/University_of_Cambridge"", ""talk"": ""https://en.wikipedia.org/wiki/Talk:University_of_Cambridge""}}, ""coordinates"": {""lat"": 52.20527778, ""lon"": 0.11722222}, ""description"": ""Public collegiate university in England"", ""description_source"": ""local"", ""dir"": ""ltr"", ""displaytitle"": ""<span lang=\""en\"" dir=\""ltr\""><span class=\""mw-page-title-main\"">University of Cambridge</span></span>"", ""extract"": ""The University of Cambridge is a collegiate public research university in Cambridge, England. Founded in 1209, the University of Cambridge is the world's third-oldest university in continuous operation. The university's founding followed the arrival of scholars who left the University of Oxford for Cambridge after a dispute with local townspeople. The two ancient English universities, although sometimes described as rivals, share many common features and are often jointly referred to as Oxbridge."", ""extract_html"": ""<p>The <b>University of Cambridge</b> is a collegiate public research university in Cambridge, England. Founded in 1209, the University of Cambridge is the world's third-oldest university in continuous operation. The university's founding followed the arrival of scholars who left the University of Oxford for Cambridge after a dispute with local townspeople. The two ancient English universities, although sometimes described as rivals, share many common features and are often jointly referred to as <i>Oxbridge</i>.</p>"", ""lang"": ""en"", ""namespace"": {""id"": 0, ""text"": """"}, ""originalimage"": {""height"": 2339, ""source"": ""https://upload.wikimedia.org/wikipedia/commons/thumb/c/c3/Coat_of_Arms_of_the_University_of_Cambridge.svg/3840px-Coat_of_Arms_of_the_University_of_Cambridge.svg.png"", ""width"": 2000}, ""pageid"": 25978572, ""revision"": ""1347688669"", ""thumbnail"": {""height"": 386, ""source"": ""https://upload.wikimedia.org/wikipedia/commons/thumb/c/c3/Coat_of_Arms_of_the_University_of_Cambridge.svg/330px-Coat_of_Arms_of_the_University_of_Cambridge.svg.png"", ""width"": 330}, ""tid"": ""66a263ee-3304-11f1-a1c3-aabee8b23cbf"", ""timestamp"": ""2026-04-08T04:35:42Z"", ""title"": ""University of Cambridge"", ""titles"": {""canonical"": ""University_of_Cambridge"", ""display"": ""<span lang=\""en\"" dir=\""ltr\""><span class=\""mw-page-title-main\"">University of Cambridge</span></span>"", ""normalized"": ""University of Cambridge""}, ""type"": ""standard"", ""wikibase_item"": ""Q35794""}"
Q867530,曼彻斯特维多利亚大学,Victoria University of Manchester,曼彻斯特维多利亚大学,British university (1851-2004),英国大学（1851—2004年）,Victoria University of Manchester,"The Victoria University of Manchester, usually referred to as simply the University of Manchester, was a university in Manchester, England. It was founded in 1851 as Owens College. In 1880, the college joined the federal Victoria University. After the break-up of the Victoria University, it gained an independent university charter in 1904 as the Victoria University of Manchester.",Organization,"{""dbpedia_uri"": ""http://dbpedia.org/resource/Victoria_University_of_Manchester"", ""wikidata_qid"": ""Q867530"", ""wikipedia_title_en"": ""Victoria University of Manchester""}",wikipedia_rest,Q867530,2026-04-27T10:54:48+00:00,0.95,"{""content_urls"": {""desktop"": {""edit"": ""https://en.wikipedia.org/wiki/Victoria_University_of_Manchester?action=edit"", ""page"": ""https://en.wikipedia.org/wiki/Victoria_University_of_Manchester"", ""revisions"": ""https://en.wikipedia.org/wiki/Victoria_University_of_Manchester?action=history"", ""talk"": ""https://en.wikipedia.org/wiki/Talk:Victoria_University_of_Manchester""}, ""mobile"": {""edit"": ""https://en.wikipedia.org/wiki/Victoria_University_of_Manchester?action=edit"", ""page"": ""https://en.wikipedia.org/wiki/Victoria_University_of_Manchester"", ""revisions"": ""https://en.wikipedia.org/wiki/Special:History/Victoria_University_of_Manchester"", ""talk"": ""https://en.wikipedia.org/wiki/Talk:Victoria_University_of_Manchester""}}, ""coordinates"": {""lat"": 53.4675, ""lon"": -2.2325}, ""description"": ""British university (1851–2004)"", ""description_source"": ""local"", ""dir"": ""ltr"", ""displaytitle"": ""<span lang=\""en\"" dir=\""ltr\""><span class=\""mw-page-title-main\"">Victoria University of Manchester</span></span>"", ""extract"": ""The Victoria University of Manchester, usually referred to as simply the University of Manchester, was a university in Manchester, England. It was founded in 1851 as Owens College. In 1880, the college joined the federal Victoria University. After the break-up of the Victoria University, it gained an independent university charter in 1904 as the Victoria University of Manchester."", ""extract_html"": ""<p>The <b>Victoria University of Manchester</b>, usually referred to as simply the <b>University of Manchester</b>, was a university in Manchester, England. It was founded in 1851 as <b>Owens College</b>. In 1880, the college joined the federal Victoria University. After the break-up of the Victoria University, it gained an independent university charter in 1904 as the Victoria University of Manchester.</p>"", ""lang"": ""en"", ""namespace"": {""id"": 0, ""text"": """"}, ""originalimage"": {""height"": 2749, ""source"": ""https://upload.wikimedia.org/wikipedia/commons/thumb/4/4e/Victoria_University_of_Manchester_Arms.svg/1920px-Victoria_University_of_Manchester_Arms.svg.png"", ""width"": 1867}, ""pageid"": 83250, ""revision"": ""1344790811"", ""thumbnail"": {""height"": 486, ""source"": ""https://upload.wikimedia.org/wikipedia/commons/thumb/4/4e/Victoria_University_of_Manchester_Arms.svg/330px-Victoria_University_of_Manchester_Arms.svg.png"", ""width"": 330}, ""tid"": ""8ac42fd3-2605-11f1-a787-a5bfb71aa646"", ""timestamp"": ""2026-03-22T15:41:07Z"", ""title"": ""Victoria University of Manchester"", ""titles"": {""canonical"": ""Victoria_University_of_Manchester"", ""display"": ""<span lang=\""en\"" dir=\""ltr\""><span class=\""mw-page-title-main\"">Victoria University of Manchester</span></span>"", ""normalized"": ""Victoria University of Manchester""}, ""type"": ""standard"", ""wikibase_item"": ""Q867530""}"
Q924289,剑桥大学国王学院,King's College,剑桥大学国王学院,college of the University of Cambridge,1441年创建的一所学校,"King's College, Cambridge","King's College, formally The King's College of Our Lady and Saint Nicholas in Cambridge, is a constituent college of the University of Cambridge. The college lies beside the River Cam and faces out onto King's Parade in the centre of the city.",Organization,"{""dbpedia_uri"": ""http://dbpedia.org/resource/King's_College,_Cambridge"", ""wikidata_qid"": ""Q924289"", ""wikipedia_title_en"": ""King's College, Cambridge""}",wikipedia_rest,Q924289,2026-04-27T10:54:51+00:00,0.95,"{""content_urls"": {""desktop"": {""edit"": ""https://en.wikipedia.org/wiki/King's_College%2C_Cambridge?action=edit"", ""page"": ""https://en.wikipedia.org/wiki/King's_College%2C_Cambridge"", ""revisions"": ""https://en.wikipedia.org/wiki/King's_College%2C_Cambridge?action=history"", ""talk"": ""https://en.wikipedia.org/wiki/Talk:King's_College%2C_Cambridge""}, ""mobile"": {""edit"": ""https://en.wikipedia.org/wiki/King's_College%2C_Cambridge?action=edit"", ""page"": ""https://en.wikipedia.org/wiki/King's_College%2C_Cambridge"", ""revisions"": ""https://en.wikipedia.org/wiki/Special:History/King's_College%2C_Cambridge"", ""talk"": ""https://en.wikipedia.org/wiki/Talk:King's_College%2C_Cambridge""}}, ""coordinates"": {""lat"": 52.2043, ""lon"": 0.1162}, ""description"": ""College of the University of Cambridge"", ""description_source"": ""local"", ""dir"": ""ltr"", ""displaytitle"": ""<span lang=\""en\"" dir=\""ltr\""><span class=\""mw-page-title-main\"">King&#039;s College, Cambridge</span></span>"", ""extract"": ""King's College, formally The King's College of Our Lady and Saint Nicholas in Cambridge, is a constituent college of the University of Cambridge. The college lies beside the River Cam and faces out onto King's Parade in the centre of the city."", ""extract_html"": ""<p><b>King's College</b>, formally <b>The King's College of Our Lady and Saint Nicholas in Cambridge</b>, is a constituent college of the University of Cambridge. The college lies beside the River Cam and faces out onto King's Parade in the centre of the city.</p>"", ""lang"": ""en"", ""namespace"": {""id"": 0, ""text"": """"}, ""originalimage"": {""height"": 4000, ""source"": ""https://upload.wikimedia.org/wikipedia/commons/2/2b/Rear_of_the_King%27s_College_and_the_Gibbs%27_Building.jpg"", ""width"": 6000}, ""pageid"": 151267, ""revision"": ""1345203854"", ""thumbnail"": {""height"": 220, ""source"": ""https://upload.wikimedia.org/wikipedia/commons/thumb/2/2b/Rear_of_the_King%27s_College_and_the_Gibbs%27_Building.jpg/330px-Rear_of_the_King%27s_College_and_the_Gibbs%27_Building.jpg"", ""width"": 330}, ""tid"": ""b2b1bce3-27cc-11f1-b25b-a13cea64574c"", ""timestamp"": ""2026-03-24T21:59:15Z"", ""title"": ""King's College, Cambridge"", ""titles"": {""canonical"": ""King's_College,_Cambridge"", ""display"": ""<span lang=\""en\"" dir=\""ltr\""><span class=\""mw-page-title-main\"">King&#039;s College, Cambridge</span></span>"", ""normalized"": ""King's College, Cambridge""}, ""type"": ""standard"", ""wikibase_item"": ""Q924289""}"
Q7854954,Turing's proof,Turing's proof,,Proof by Alan Turing,,Turing's proof,"Turing's proof is a proof by Alan Turing, first published in November 1936 with the title ""On Computable Numbers, with an Application to the Entscheidungsproblem"". It was the second proof of the negation of Hilbert's Entscheidungsproblem; that is, the conjecture that some purely mathematical yes–no questions can never be answered by computation; more technically, that some decision problems are ""undecidable"" in the sense that there is no single algorithm that infallibly gives a correct ""yes"" or ""no"" answer to each instance of the problem. In Turing's own words:
""what I shall prove is quite different from the well-known results of Gödel ... I shall now show that there is no general method which tells whether a given formula U is provable in K [Principia Mathematica]"".",Work,"{""dbpedia_uri"": ""http://dbpedia.org/resource/Turing's_proof"", ""wikidata_qid"": ""Q7854954"", ""wikipedia_title_en"": ""Turing's proof""}",wikipedia_rest,Q7854954,2026-04-27T10:54:43+00:00,0.95,"{""content_urls"": {""desktop"": {""edit"": ""https://en.wikipedia.org/wiki/Turing's_proof?action=edit"", ""page"": ""https://en.wikipedia.org/wiki/Turing's_proof"", ""revisions"": ""https://en.wikipedia.org/wiki/Turing's_proof?action=history"", ""talk"": ""https://en.wikipedia.org/wiki/Talk:Turing's_proof""}, ""mobile"": {""edit"": ""https://en.wikipedia.org/wiki/Turing's_proof?action=edit"", ""page"": ""https://en.wikipedia.org/wiki/Turing's_proof"", ""revisions"": ""https://en.wikipedia.org/wiki/Special:History/Turing's_proof"", ""talk"": ""https://en.wikipedia.org/wiki/Talk:Turing's_proof""}}, ""description"": ""Proof by Alan Turing"", ""description_source"": ""local"", ""dir"": ""ltr"", ""displaytitle"": ""<span lang=\""en\"" dir=\""ltr\""><span class=\""mw-page-title-main\"">Turing&#039;s proof</span></span>"", ""extract"": ""Turing's proof is a proof by Alan Turing, first published in November 1936 with the title \""On Computable Numbers, with an Application to the Entscheidungsproblem\"". It was the second proof of the negation of Hilbert's Entscheidungsproblem; that is, the conjecture that some purely mathematical yes–no questions can never be answered by computation; more technically, that some decision problems are \""undecidable\"" in the sense that there is no single algorithm that infallibly gives a correct \""yes\"" or \""no\"" answer to each instance of the problem. In Turing's own words:\n\""what I shall prove is quite different from the well-known results of Gödel ... I shall now show that there is no general method which tells whether a given formula U is provable in K [Principia Mathematica]\""."", ""extract_html"": ""<p><b>Turing's proof</b> is a proof by Alan Turing, first published in November 1936 with the title \""<b>On Computable Numbers, with an Application to the <span><span style=\""font-style:normal\"">Entscheidungsproblem</span></span></b>\"". It was the second proof of the negation of Hilbert's <span><i lang=\""de\"">Entscheidungsproblem</i></span>; that is, the conjecture that some purely mathematical yes–no questions can never be answered by computation; more technically, that some decision problems are \""undecidable\"" in the sense that there is no single algorithm that infallibly gives a correct \""yes\"" or \""no\"" answer to each instance of the problem. In Turing's own words:\n\""what I shall prove is quite different from the well-known results of Gödel ... I shall now show that there is no general method which tells whether a given formula <b>U</b> is provable in <b>K</b> [<i>Principia Mathematica</i>]\"".</p>"", ""lang"": ""en"", ""namespace"": {""id"": 0, ""text"": """"}, ""pageid"": 3739933, ""revision"": ""1319668413"", ""tid"": ""5a5c01cd-b616-11f0-8ea8-97874f7de67b"", ""timestamp"": ""2025-10-31T04:59:17Z"", ""title"": ""Turing's proof"", ""titles"": {""canonical"": ""Turing's_proof"", ""display"": ""<span lang=\""en\"" dir=\""ltr\""><span class=\""mw-page-title-main\"">Turing&#039;s proof</span></span>"", ""normalized"": ""Turing's proof""}, ""type"": ""standard"", ""wikibase_item"": ""Q7854954""}"
Q66135280,Hazlehurst Community Primary School,Hazlehurst Community Primary School,,"school in Bury, UK",,,,Organization,"{""wikidata_qid"": ""Q66135280"", ""wikipedia_title_en"": null}",wikidata_sparql,Q66135280,2026-04-27T10:53:02+00:00,0.95,"{""birth_date_raw"": null, ""death_date_raw"": null, ""instance_of_ids"": [""Q9842"", ""Q5155053""], ""instance_of_labels"": [""primary school"", ""community school""]}"
Q138518,普林斯顿,Princeton,普林斯顿,"municipality in Mercer County, New Jersey, United States",,"Princeton, New Jersey","The Municipality of Princeton is a borough in Mercer County, in the U.S. state of New Jersey. It was established on January 1, 2013, through the consolidation of the Borough of Princeton and Princeton Township, both of which are now defunct. As of the 2020 United States census, the borough's population was 30,681, an increase of 2,109 (+7.4%) from the 2010 census combined count of 28,572. In the 2000 census, the two communities had a total population of 30,230, with 14,204 residents in the borough and 16,027 in the township.",Place,"{""dbpedia_uri"": ""http://dbpedia.org/resource/Princeton,_New_Jersey"", ""wikidata_qid"": ""Q138518"", ""wikipedia_title_en"": ""Princeton, New Jersey""}",wikipedia_rest,Q138518,2026-04-27T10:54:12+00:00,0.95,"{""content_urls"": {""desktop"": {""edit"": ""https://en.wikipedia.org/wiki/Princeton%2C_New_Jersey?action=edit"", ""page"": ""https://en.wikipedia.org/wiki/Princeton%2C_New_Jersey"", ""revisions"": ""https://en.wikipedia.org/wiki/Princeton%2C_New_Jersey?action=history"", ""talk"": ""https://en.wikipedia.org/wiki/Talk:Princeton%2C_New_Jersey""}, ""mobile"": {""edit"": ""https://en.wikipedia.org/wiki/Princeton%2C_New_Jersey?action=edit"", ""page"": ""https://en.wikipedia.org/wiki/Princeton%2C_New_Jersey"", ""revisions"": ""https://en.wikipedia.org/wiki/Special:History/Princeton%2C_New_Jersey"", ""talk"": ""https://en.wikipedia.org/wiki/Talk:Princeton%2C_New_Jersey""}}, ""coordinates"": {""lat"": 40.358244, ""lon"": -74.666728}, ""description"": ""Borough in New Jersey, United States"", ""description_source"": ""local"", ""dir"": ""ltr"", ""displaytitle"": ""<span lang=\""en\"" dir=\""ltr\""><span class=\""mw-page-title-main\"">Princeton, New Jersey</span></span>"", ""extract"": ""The Municipality of Princeton is a borough in Mercer County, in the U.S. state of New Jersey. It was established on January 1, 2013, through the consolidation of the Borough of Princeton and Princeton Township, both of which are now defunct. As of the 2020 United States census, the borough's population was 30,681, an increase of 2,109 (+7.4%) from the 2010 census combined count of 28,572. In the 2000 census, the two communities had a total population of 30,230, with 14,204 residents in the borough and 16,027 in the township."", ""extract_html"": ""<p><b>The Municipality of Princeton</b> is a borough in Mercer County, in the U.S. state of New Jersey. It was established on January 1, 2013, through the consolidation of the Borough of Princeton and Princeton Township, both of which are now defunct. As of the 2020 United States census, the borough's population was 30,681, an increase of 2,109 (+7.4%) from the 2010 census combined count of 28,572. In the 2000 census, the two communities had a total population of 30,230, with 14,204 residents in the borough and 16,027 in the township.</p>"", ""lang"": ""en"", ""namespace"": {""id"": 0, ""text"": """"}, ""originalimage"": {""height"": 3798, ""source"": ""https://upload.wikimedia.org/wikipedia/commons/b/ba/Princeton%2C_New_Jersey_%2855144921890%29.jpg"", ""width"": 6752}, ""pageid"": 84658, ""revision"": ""1348431815"", ""thumbnail"": {""height"": 186, ""source"": ""https://upload.wikimedia.org/wikipedia/commons/thumb/b/ba/Princeton%2C_New_Jersey_%2855144921890%29.jpg/330px-Princeton%2C_New_Jersey_%2855144921890%29.jpg"", ""width"": 330}, ""tid"": ""32c29723-3690-11f1-b5d3-de5e4b14c34d"", ""timestamp"": ""2026-04-12T16:53:58Z"", ""title"": ""Princeton, New Jersey"", ""titles"": {""canonical"": ""Princeton,_New_Jersey"", ""display"": ""<span lang=\""en\"" dir=\""ltr\""><span class=\""mw-page-title-main\"">Princeton, New Jersey</span></span>"", ""normalized"": ""Princeton, New Jersey""}, ""type"": ""standard"", ""wikibase_item"": ""Q138518""}"
Q586895,舍伯恩,Sherborne,舍伯恩,"town and civil parish in Dorset, England",,Sherborne,"Sherborne is a market town and civil parish in north-west Dorset, England. It is sited on the River Yeo, on the edge of the Blackmore Vale, 6 miles (9.7 km) east of Yeovil. The parish includes the hamlets of Nether Coombe and Lower Clatcombe. The A30 road, which connects London with Penzance, runs through the town. In the 2021 census the population of Sherborne was 10,361.",Place,"{""dbpedia_uri"": ""http://dbpedia.org/resource/Sherborne"", ""wikidata_qid"": ""Q586895"", ""wikipedia_title_en"": ""Sherborne""}",wikipedia_rest,Q586895,2026-04-27T10:54:38+00:00,0.95,"{""content_urls"": {""desktop"": {""edit"": ""https://en.wikipedia.org/wiki/Sherborne?action=edit"", ""page"": ""https://en.wikipedia.org/wiki/Sherborne"", ""revisions"": ""https://en.wikipedia.org/wiki/Sherborne?action=history"", ""talk"": ""https://en.wikipedia.org/wiki/Talk:Sherborne""}, ""mobile"": {""edit"": ""https://en.wikipedia.org/wiki/Sherborne?action=edit"", ""page"": ""https://en.wikipedia.org/wiki/Sherborne"", ""revisions"": ""https://en.wikipedia.org/wiki/Special:History/Sherborne"", ""talk"": ""https://en.wikipedia.org/wiki/Talk:Sherborne""}}, ""coordinates"": {""lat"": 50.9469, ""lon"": -2.5171}, ""description"": ""Market town and civil parish in Dorset, England"", ""description_source"": ""local"", ""dir"": ""ltr"", ""displaytitle"": ""<span lang=\""en\"" dir=\""ltr\""><span class=\""mw-page-title-main\"">Sherborne</span></span>"", ""extract"": ""Sherborne is a market town and civil parish in north-west Dorset, England. It is sited on the River Yeo, on the edge of the Blackmore Vale, 6 miles (9.7 km) east of Yeovil. The parish includes the hamlets of Nether Coombe and Lower Clatcombe. The A30 road, which connects London with Penzance, runs through the town. In the 2021 census the population of Sherborne was 10,361."", ""extract_html"": ""<p><b>Sherborne</b> is a market town and civil parish in north-west Dorset, England. It is sited on the River Yeo, on the edge of the Blackmore Vale, 6 miles (9.7 km) east of Yeovil. The parish includes the hamlets of <b>Nether Coombe</b> and <b>Lower Clatcombe</b>. The A30 road, which connects London with Penzance, runs through the town. In the 2021 census the population of Sherborne was 10,361.</p>"", ""lang"": ""en"", ""namespace"": {""id"": 0, ""text"": """"}, ""originalimage"": {""height"": 3049, ""source"": ""https://upload.wikimedia.org/wikipedia/commons/thumb/0/07/Sherborne_Abbey_%28St._Mary%29_%2819487821554%29.jpg/3840px-Sherborne_Abbey_%28St._Mary%29_%2819487821554%29.jpg"", ""width"": 4642}, ""pageid"": 269858, ""revision"": ""1350727634"", ""thumbnail"": {""height"": 217, ""source"": ""https://upload.wikimedia.org/wikipedia/commons/thumb/0/07/Sherborne_Abbey_%28St._Mary%29_%2819487821554%29.jpg/330px-Sherborne_Abbey_%28St._Mary%29_%2819487821554%29.jpg"", ""width"": 330}, ""tid"": ""ce77c37a-3f34-11f1-b4ee-1a860bc705b5"", ""timestamp"": ""2026-04-23T16:52:26Z"", ""title"": ""Sherborne"", ""titles"": {""canonical"": ""Sherborne"", ""display"": ""<span lang=\""en\"" dir=\""ltr\""><span class=\""mw-page-title-main\"">Sherborne</span></span>"", ""normalized"": ""Sherborne""}, ""type"": ""standard"", ""wikibase_item"": ""Q586895""}"
Q350,劍橋,Cambridge,劍橋,"city in Cambridgeshire, England",英国城市,Cambridge,"Cambridge is a city and non-metropolitan district in the county of Cambridgeshire, England. It is the county town of Cambridgeshire and is located on the River Cam, 55 miles (89 km) north of London. As of the 2021 United Kingdom census, the population of the City of Cambridge was 145,700; the population of the wider built-up area was 181,137. There is archaeological evidence of settlement in the area dating back to as early as the Bronze Age, and Cambridge became an important trading centre during the Roman and Viking eras. The first town charters were granted in the 12th century, although modern city status was not officially conferred until 1951.",Place,"{""dbpedia_uri"": ""http://dbpedia.org/resource/Cambridge"", ""wikidata_qid"": ""Q350"", ""wikipedia_title_en"": ""Cambridge""}",wikipedia_rest,Q350,2026-04-27T10:54:21+00:00,0.95,"{""content_urls"": {""desktop"": {""edit"": ""https://en.wikipedia.org/wiki/Cambridge?action=edit"", ""page"": ""https://en.wikipedia.org/wiki/Cambridge"", ""revisions"": ""https://en.wikipedia.org/wiki/Cambridge?action=history"", ""talk"": ""https://en.wikipedia.org/wiki/Talk:Cambridge""}, ""mobile"": {""edit"": ""https://en.wikipedia.org/wiki/Cambridge?action=edit"", ""page"": ""https://en.wikipedia.org/wiki/Cambridge"", ""revisions"": ""https://en.wikipedia.org/wiki/Special:History/Cambridge"", ""talk"": ""https://en.wikipedia.org/wiki/Talk:Cambridge""}}, ""coordinates"": {""lat"": 52.205, ""lon"": 0.1225}, ""description"": ""City and district in Cambridgeshire, England"", ""description_source"": ""local"", ""dir"": ""ltr"", ""displaytitle"": ""<span lang=\""en\"" dir=\""ltr\""><span class=\""mw-page-title-main\"">Cambridge</span></span>"", ""extract"": ""Cambridge is a city and non-metropolitan district in the county of Cambridgeshire, England. It is the county town of Cambridgeshire and is located on the River Cam, 55 miles (89 km) north of London. As of the 2021 United Kingdom census, the population of the City of Cambridge was 145,700; the population of the wider built-up area was 181,137. There is archaeological evidence of settlement in the area dating back to as early as the Bronze Age, and Cambridge became an important trading centre during the Roman and Viking eras. The first town charters were granted in the 12th century, although modern city status was not officially conferred until 1951."", ""extract_html"": ""<p><b>Cambridge</b> is a city and non-metropolitan district in the county of Cambridgeshire, England. It is the county town of Cambridgeshire and is located on the River Cam, 55 miles (89 km) north of London. As of the 2021 United Kingdom census, the population of the City of Cambridge was 145,700; the population of the wider built-up area was 181,137. There is archaeological evidence of settlement in the area dating back to as early as the Bronze Age, and Cambridge became an important trading centre during the Roman and Viking eras. The first town charters were granted in the 12th century, although modern city status was not officially conferred until 1951.</p>"", ""lang"": ""en"", ""namespace"": {""id"": 0, ""text"": """"}, ""originalimage"": {""height"": 3265, ""source"": ""https://upload.wikimedia.org/wikipedia/commons/thumb/0/08/Cambridge_-_Kings_College_vue_des_backs.jpg/3840px-Cambridge_-_Kings_College_vue_des_backs.jpg"", ""width"": 4898}, ""pageid"": 36995, ""revision"": ""1350210038"", ""thumbnail"": {""height"": 220, ""source"": ""https://upload.wikimedia.org/wikipedia/commons/thumb/0/08/Cambridge_-_Kings_College_vue_des_backs.jpg/330px-Cambridge_-_Kings_College_vue_des_backs.jpg"", ""width"": 330}, ""tid"": ""173c39e0-3ceb-11f1-ab83-aa4f16d6eaf9"", ""timestamp"": ""2026-04-20T18:59:43Z"", ""title"": ""Cambridge"", ""titles"": {""canonical"": ""Cambridge"", ""display"": ""<span lang=\""en\"" dir=\""ltr\""><span class=\""mw-page-title-main\"">Cambridge</span></span>"", ""normalized"": ""Cambridge""}, ""type"": ""standard"", ""wikibase_item"": ""Q350""}"
Q18125,曼彻斯特,Manchester,曼彻斯特,"city in Greater Manchester, England",英格兰西北部城市,Manchester,"Manchester is a city in Greater Manchester, England. It had a population of over 589,000 in 2024. It borders the Cheshire Plain to the south, the Pennines to the north and east, and the city of Salford to the west. The two cities and the surrounding towns form one of the United Kingdom's most populous conurbations, the Greater Manchester Built-up Area, which has a population of 2.87 million.",Place,"{""dbpedia_uri"": ""http://dbpedia.org/resource/Manchester"", ""wikidata_qid"": ""Q18125"", ""wikipedia_title_en"": ""Manchester""}",wikipedia_rest,Q18125,2026-04-27T10:54:15+00:00,0.95,"{""content_urls"": {""desktop"": {""edit"": ""https://en.wikipedia.org/wiki/Manchester?action=edit"", ""page"": ""https://en.wikipedia.org/wiki/Manchester"", ""revisions"": ""https://en.wikipedia.org/wiki/Manchester?action=history"", ""talk"": ""https://en.wikipedia.org/wiki/Talk:Manchester""}, ""mobile"": {""edit"": ""https://en.wikipedia.org/wiki/Manchester?action=edit"", ""page"": ""https://en.wikipedia.org/wiki/Manchester"", ""revisions"": ""https://en.wikipedia.org/wiki/Special:History/Manchester"", ""talk"": ""https://en.wikipedia.org/wiki/Talk:Manchester""}}, ""coordinates"": {""lat"": 53.479, ""lon"": -2.2452}, ""description"": ""City and metropolitan borough in England"", ""description_source"": ""local"", ""dir"": ""ltr"", ""displaytitle"": ""<span lang=\""en\"" dir=\""ltr\""><span class=\""mw-page-title-main\"">Manchester</span></span>"", ""extract"": ""Manchester is a city in Greater Manchester, England. It had a population of over 589,000 in 2024. It borders the Cheshire Plain to the south, the Pennines to the north and east, and the city of Salford to the west. The two cities and the surrounding towns form one of the United Kingdom's most populous conurbations, the Greater Manchester Built-up Area, which has a population of 2.87 million."", ""extract_html"": ""<p><b>Manchester</b> is a city in Greater Manchester, England. It had a population of over 589,000 in 2024. It borders the Cheshire Plain to the south, the Pennines to the north and east, and the city of Salford to the west. The two cities and the surrounding towns form one of the United Kingdom's most populous conurbations, the Greater Manchester Built-up Area, which has a population of 2.87<span class=\""nowrap\""> </span>million.</p>"", ""lang"": ""en"", ""namespace"": {""id"": 0, ""text"": """"}, ""originalimage"": {""height"": 2660, ""source"": ""https://upload.wikimedia.org/wikipedia/commons/thumb/3/3d/Deansgate_Square_-_geograph.org.uk_-_7803711.jpg/3840px-Deansgate_Square_-_geograph.org.uk_-_7803711.jpg"", ""width"": 4857}, ""pageid"": 20206, ""revision"": ""1351330471"", ""thumbnail"": {""height"": 181, ""source"": ""https://upload.wikimedia.org/wikipedia/commons/thumb/3/3d/Deansgate_Square_-_geograph.org.uk_-_7803711.jpg/330px-Deansgate_Square_-_geograph.org.uk_-_7803711.jpg"", ""width"": 330}, ""tid"": ""e477d20e-4215-11f1-8608-09e2a49ceaec"", ""timestamp"": ""2026-04-27T08:48:42Z"", ""title"": ""Manchester"", ""titles"": {""canonical"": ""Manchester"", ""display"": ""<span lang=\""en\"" dir=\""ltr\""><span class=\""mw-page-title-main\"">Manchester</span></span>"", ""normalized"": ""Manchester""}, ""type"": ""standard"", ""wikibase_item"": ""Q18125""}"
Q4887849,Benhall,Benhall,,"suburb in Cheltenham, Gloucestershire, England, UK",,"Benhall, Cheltenham","Benhall is a small district within the town of Cheltenham, Gloucestershire. It lies south-west of the town centre, just south of the A40, the main road to Gloucester, and north of the district of Up Hatherley. It falls mainly within the Anglican parish of St Mark.",Place,"{""dbpedia_uri"": ""http://dbpedia.org/resource/Benhall,_Cheltenham"", ""wikidata_qid"": ""Q4887849"", ""wikipedia_title_en"": ""Benhall, Cheltenham""}",wikipedia_rest,Q4887849,2026-04-27T19:40:49+00:00,0.95,"{""content_urls"": {""desktop"": {""edit"": ""https://en.wikipedia.org/wiki/Benhall%2C_Cheltenham?action=edit"", ""page"": ""https://en.wikipedia.org/wiki/Benhall%2C_Cheltenham"", ""revisions"": ""https://en.wikipedia.org/wiki/Benhall%2C_Cheltenham?action=history"", ""talk"": ""https://en.wikipedia.org/wiki/Talk:Benhall%2C_Cheltenham""}, ""mobile"": {""edit"": ""https://en.wikipedia.org/wiki/Benhall%2C_Cheltenham?action=edit"", ""page"": ""https://en.wikipedia.org/wiki/Benhall%2C_Cheltenham"", ""revisions"": ""https://en.wikipedia.org/wiki/Special:History/Benhall%2C_Cheltenham"", ""talk"": ""https://en.wikipedia.org/wiki/Talk:Benhall%2C_Cheltenham""}}, ""coordinates"": {""lat"": 51.89444444, ""lon"": -2.11666667}, ""description"": ""District of Cheltenham, Gloucestershire, England"", ""description_source"": ""local"", ""dir"": ""ltr"", ""displaytitle"": ""<span lang=\""en\"" dir=\""ltr\""><span class=\""mw-page-title-main\"">Benhall, Cheltenham</span></span>"", ""extract"": ""Benhall is a small district within the town of Cheltenham, Gloucestershire. It lies south-west of the town centre, just south of the A40, the main road to Gloucester, and north of the district of Up Hatherley. It falls mainly within the Anglican parish of St Mark."", ""extract_html"": ""<p><b>Benhall</b> is a small district within the town of Cheltenham, Gloucestershire. It lies south-west of the town centre, just south of the A40, the main road to Gloucester, and north of the district of Up Hatherley. It falls mainly within the Anglican parish of St Mark.</p>"", ""lang"": ""en"", ""namespace"": {""id"": 0, ""text"": """"}, ""pageid"": 3934328, ""revision"": ""1322692752"", ""tid"": ""099a2779-c3d6-11f0-85b5-c29914c28f6c"", ""timestamp"": ""2025-11-17T16:54:10Z"", ""title"": ""Benhall, Cheltenham"", ""titles"": {""canonical"": ""Benhall,_Cheltenham"", ""display"": ""<span lang=\""en\"" dir=\""ltr\""><span class=\""mw-page-title-main\"">Benhall, Cheltenham</span></span>"", ""normalized"": ""Benhall, Cheltenham""}, ""type"": ""standard"", ""wikibase_item"": ""Q4887849""}"
LOCAL_BLETCHLEY_PARK,Bletchley Park,Bletchley Park,布莱切利园,wartime codebreaking centre associated with Alan Turing,图灵参与战时破译工作的地点,Bletchley Park,Bletchley Park was the principal centre of Allied codebreaking during the Second World War.,Place,{},curated_local,LOCAL_BLETCHLEY_PARK,,1.0,{}
LOCAL_ENIGMA_MACHINE,Enigma machine,Enigma machine,恩尼格玛机,cipher machine central to Turing's wartime cryptanalysis,图灵战时密码分析相关的密码机,Enigma machine,The Enigma machine was a cipher device used to protect military communication.,Machine,{},curated_local,LOCAL_ENIGMA_MACHINE,,1.0,{}
LOCAL_ALONZO_CHURCH,Alonzo Church,Alonzo Church,阿隆佐·邱奇,mathematician and Turing's doctoral supervisor at Princeton,图灵在普林斯顿时期的导师,Alonzo Church,Alonzo Church was an American mathematician and logician.,Person,{},curated_local,LOCAL_ALONZO_CHURCH,,1.0,{}
LOCAL_MAX_NEWMAN,Max Newman,Max Newman,马克斯·纽曼,mathematician connected with Turing at Cambridge and Manchester,与图灵在剑桥和曼彻斯特相关的数学家,Max Newman,Max Newman was a British mathematician and computer scientist.,Person,{},curated_local,LOCAL_MAX_NEWMAN,,1.0,{}
LOCAL_MANCHESTER_MARK_1,Manchester Mark 1,Manchester Mark 1,曼彻斯特一号,early stored-program computer associated with Manchester and Turing,与曼彻斯特和图灵相关的早期存储程序计算机,Manchester Mark 1,The Manchester Mark 1 was an early stored-program computer.,Machine,{},curated_local,LOCAL_MANCHESTER_MARK_1,,1.0,{}
